id,company_id,path_id,status,pricing_id,pricing_type
3,b1e08644-5764-4910-9335-a51c1b66460c,3,pending,128,App\Models\FixedPricingModel
4,b1e08644-5764-4910-9335-a51c1b66460c,3,pending,190,App\Models\FixedPricingModel
5,b1e08644-5764-4910-9335-a51c1b66460c,4,pending,46,App\Models\FixedPricingModel
6,b1e08644-5764-4910-9335-a51c1b66460c,4,pending,86,App\Models\FixedPricingModel
7,b1e08644-5764-4910-9335-a51c1b66460c,5,pending,16,App\Models\FixedPricingModel
8,b1e08644-5764-4910-9335-a51c1b66460c,5,pending,128,App\Models\FixedPricingModel
9,b1e08644-5764-4910-9335-a51c1b66460c,6,pending,109,App\Models\FixedPricingModel
10,b1e08644-5764-4910-9335-a51c1b66460c,6,pending,19,App\Models\FixedPricingModel
11,b1e08644-5764-4910-9335-a51c1b66460c,7,pending,127,App\Models\FixedPricingModel
12,b1e08644-5764-4910-9335-a51c1b66460c,7,pending,175,App\Models\FixedPricingModel
13,b1e08644-5764-4910-9335-a51c1b66460c,8,pending,49,App\Models\FixedPricingModel
14,b1e08644-5764-4910-9335-a51c1b66460c,8,pending,198,App\Models\FixedPricingModel
15,b1e08644-5764-4910-9335-a51c1b66460c,9,pending,120,App\Models\FixedPricingModel
16,b1e08644-5764-4910-9335-a51c1b66460c,9,pending,174,App\Models\FixedPricingModel
17,b1e08644-5764-4910-9335-a51c1b66460c,10,pending,171,App\Models\FixedPricingModel
18,b1e08644-5764-4910-9335-a51c1b66460c,10,pending,157,App\Models\FixedPricingModel
19,b1e08644-5764-4910-9335-a51c1b66460c,11,pending,25,App\Models\FixedPricingModel
20,b1e08644-5764-4910-9335-a51c1b66460c,11,pending,147,App\Models\FixedPricingModel
21,b1e08644-5764-4910-9335-a51c1b66460c,12,pending,124,App\Models\FixedPricingModel
22,b1e08644-5764-4910-9335-a51c1b66460c,12,pending,130,App\Models\FixedPricingModel
23,b1e08644-5764-4910-9335-a51c1b66460c,13,pending,64,App\Models\FixedPricingModel
24,b1e08644-5764-4910-9335-a51c1b66460c,13,pending,5,App\Models\FixedPricingModel
25,b1e08644-5764-4910-9335-a51c1b66460c,14,pending,112,App\Models\FixedPricingModel
26,b1e08644-5764-4910-9335-a51c1b66460c,14,pending,151,App\Models\FixedPricingModel
27,b1e08644-5764-4910-9335-a51c1b66460c,15,pending,132,App\Models\FixedPricingModel
28,b1e08644-5764-4910-9335-a51c1b66460c,15,pending,115,App\Models\FixedPricingModel
29,b1e08644-5764-4910-9335-a51c1b66460c,16,pending,193,App\Models\FixedPricingModel
30,b1e08644-5764-4910-9335-a51c1b66460c,16,pending,124,App\Models\FixedPricingModel
31,b1e08644-5764-4910-9335-a51c1b66460c,17,pending,21,App\Models\FixedPricingModel
32,b1e08644-5764-4910-9335-a51c1b66460c,17,pending,63,App\Models\FixedPricingModel
33,b1e08644-5764-4910-9335-a51c1b66460c,18,pending,85,App\Models\FixedPricingModel
34,b1e08644-5764-4910-9335-a51c1b66460c,18,pending,10,App\Models\FixedPricingModel
35,b1e08644-5764-4910-9335-a51c1b66460c,19,pending,175,App\Models\FixedPricingModel
36,b1e08644-5764-4910-9335-a51c1b66460c,19,pending,21,App\Models\FixedPricingModel
37,b1e08644-5764-4910-9335-a51c1b66460c,20,pending,50,App\Models\FixedPricingModel
38,b1e08644-5764-4910-9335-a51c1b66460c,20,pending,192,App\Models\FixedPricingModel
39,b1e08644-5764-4910-9335-a51c1b66460c,21,pending,26,App\Models\FixedPricingModel
40,b1e08644-5764-4910-9335-a51c1b66460c,21,pending,16,App\Models\FixedPricingModel
41,b1e08644-5764-4910-9335-a51c1b66460c,22,pending,49,App\Models\FixedPricingModel
42,b1e08644-5764-4910-9335-a51c1b66460c,22,pending,76,App\Models\FixedPricingModel
43,b1e08644-5764-4910-9335-a51c1b66460c,23,pending,122,App\Models\FixedPricingModel
44,b1e08644-5764-4910-9335-a51c1b66460c,23,pending,5,App\Models\FixedPricingModel
45,b1e08644-5764-4910-9335-a51c1b66460c,24,pending,75,App\Models\FixedPricingModel
46,b1e08644-5764-4910-9335-a51c1b66460c,24,pending,70,App\Models\FixedPricingModel
47,b1e08644-5764-4910-9335-a51c1b66460c,25,pending,188,App\Models\FixedPricingModel
48,b1e08644-5764-4910-9335-a51c1b66460c,25,pending,51,App\Models\FixedPricingModel
49,b1e08644-5764-4910-9335-a51c1b66460c,26,pending,53,App\Models\FixedPricingModel
50,b1e08644-5764-4910-9335-a51c1b66460c,26,pending,173,App\Models\FixedPricingModel
51,b1e08644-5764-4910-9335-a51c1b66460c,27,pending,143,App\Models\FixedPricingModel
52,b1e08644-5764-4910-9335-a51c1b66460c,27,pending,109,App\Models\FixedPricingModel
53,b1e08644-5764-4910-9335-a51c1b66460c,28,pending,90,App\Models\FixedPricingModel
54,b1e08644-5764-4910-9335-a51c1b66460c,28,pending,116,App\Models\FixedPricingModel
55,b1e08644-5764-4910-9335-a51c1b66460c,29,pending,92,App\Models\FixedPricingModel
56,b1e08644-5764-4910-9335-a51c1b66460c,29,pending,29,App\Models\FixedPricingModel
57,b1e08644-5764-4910-9335-a51c1b66460c,30,pending,60,App\Models\FixedPricingModel
58,b1e08644-5764-4910-9335-a51c1b66460c,30,pending,67,App\Models\FixedPricingModel
59,b1e08644-5764-4910-9335-a51c1b66460c,31,pending,120,App\Models\FixedPricingModel
60,b1e08644-5764-4910-9335-a51c1b66460c,31,pending,117,App\Models\FixedPricingModel
61,b1e08644-5764-4910-9335-a51c1b66460c,32,pending,111,App\Models\FixedPricingModel
62,b1e08644-5764-4910-9335-a51c1b66460c,32,pending,120,App\Models\FixedPricingModel
63,b1e08644-5764-4910-9335-a51c1b66460c,33,pending,30,App\Models\FixedPricingModel
64,b1e08644-5764-4910-9335-a51c1b66460c,33,pending,121,App\Models\FixedPricingModel
65,b1e08644-5764-4910-9335-a51c1b66460c,34,pending,21,App\Models\FixedPricingModel
66,b1e08644-5764-4910-9335-a51c1b66460c,34,pending,45,App\Models\FixedPricingModel
67,b1e08644-5764-4910-9335-a51c1b66460c,35,pending,142,App\Models\FixedPricingModel
68,b1e08644-5764-4910-9335-a51c1b66460c,35,pending,133,App\Models\FixedPricingModel
69,b1e08644-5764-4910-9335-a51c1b66460c,36,pending,131,App\Models\FixedPricingModel
70,b1e08644-5764-4910-9335-a51c1b66460c,36,pending,5,App\Models\FixedPricingModel
71,b1e08644-5764-4910-9335-a51c1b66460c,37,pending,14,App\Models\FixedPricingModel
72,b1e08644-5764-4910-9335-a51c1b66460c,37,pending,170,App\Models\FixedPricingModel
73,b1e08644-5764-4910-9335-a51c1b66460c,38,pending,51,App\Models\FixedPricingModel
74,b1e08644-5764-4910-9335-a51c1b66460c,38,pending,45,App\Models\FixedPricingModel
75,b1e08644-5764-4910-9335-a51c1b66460c,39,pending,80,App\Models\FixedPricingModel
76,b1e08644-5764-4910-9335-a51c1b66460c,39,pending,11,App\Models\FixedPricingModel
77,b1e08644-5764-4910-9335-a51c1b66460c,40,pending,41,App\Models\FixedPricingModel
78,b1e08644-5764-4910-9335-a51c1b66460c,40,pending,111,App\Models\FixedPricingModel
79,b1e08644-5764-4910-9335-a51c1b66460c,41,pending,147,App\Models\FixedPricingModel
80,b1e08644-5764-4910-9335-a51c1b66460c,41,pending,128,App\Models\FixedPricingModel
81,b1e08644-5764-4910-9335-a51c1b66460c,42,pending,184,App\Models\FixedPricingModel
82,b1e08644-5764-4910-9335-a51c1b66460c,42,pending,20,App\Models\FixedPricingModel
83,b1e08644-5764-4910-9335-a51c1b66460c,43,pending,78,App\Models\FixedPricingModel
84,b1e08644-5764-4910-9335-a51c1b66460c,43,pending,14,App\Models\FixedPricingModel
85,b1e08644-5764-4910-9335-a51c1b66460c,44,pending,98,App\Models\FixedPricingModel
86,b1e08644-5764-4910-9335-a51c1b66460c,44,pending,111,App\Models\FixedPricingModel
87,b1e08644-5764-4910-9335-a51c1b66460c,45,pending,191,App\Models\FixedPricingModel
88,b1e08644-5764-4910-9335-a51c1b66460c,45,pending,39,App\Models\FixedPricingModel
89,b1e08644-5764-4910-9335-a51c1b66460c,46,pending,11,App\Models\FixedPricingModel
90,b1e08644-5764-4910-9335-a51c1b66460c,46,pending,198,App\Models\FixedPricingModel
91,b1e08644-5764-4910-9335-a51c1b66460c,47,pending,92,App\Models\FixedPricingModel
92,b1e08644-5764-4910-9335-a51c1b66460c,47,pending,3,App\Models\FixedPricingModel
93,b1e08644-5764-4910-9335-a51c1b66460c,48,pending,30,App\Models\FixedPricingModel
94,b1e08644-5764-4910-9335-a51c1b66460c,48,pending,31,App\Models\FixedPricingModel
95,b1e08644-5764-4910-9335-a51c1b66460c,49,pending,166,App\Models\FixedPricingModel
96,b1e08644-5764-4910-9335-a51c1b66460c,49,pending,40,App\Models\FixedPricingModel
97,b1e08644-5764-4910-9335-a51c1b66460c,50,pending,25,App\Models\FixedPricingModel
98,b1e08644-5764-4910-9335-a51c1b66460c,50,pending,201,App\Models\FixedPricingModel
99,b1e08644-5764-4910-9335-a51c1b66460c,51,pending,59,App\Models\FixedPricingModel
100,b1e08644-5764-4910-9335-a51c1b66460c,51,pending,97,App\Models\FixedPricingModel
101,b1e08644-5764-4910-9335-a51c1b66460c,52,pending,183,App\Models\FixedPricingModel
102,b1e08644-5764-4910-9335-a51c1b66460c,52,pending,110,App\Models\FixedPricingModel
103,b1e08644-5764-4910-9335-a51c1b66460c,53,pending,56,App\Models\FixedPricingModel
104,b1e08644-5764-4910-9335-a51c1b66460c,53,pending,4,App\Models\FixedPricingModel
105,b1e08644-5764-4910-9335-a51c1b66460c,54,pending,57,App\Models\FixedPricingModel
106,b1e08644-5764-4910-9335-a51c1b66460c,54,pending,105,App\Models\FixedPricingModel
107,b1e08644-5764-4910-9335-a51c1b66460c,55,pending,197,App\Models\FixedPricingModel
108,b1e08644-5764-4910-9335-a51c1b66460c,55,pending,196,App\Models\FixedPricingModel
109,b1e08644-5764-4910-9335-a51c1b66460c,56,pending,104,App\Models\FixedPricingModel
110,b1e08644-5764-4910-9335-a51c1b66460c,56,pending,195,App\Models\FixedPricingModel
111,b1e08644-5764-4910-9335-a51c1b66460c,57,pending,134,App\Models\FixedPricingModel
112,b1e08644-5764-4910-9335-a51c1b66460c,57,pending,120,App\Models\FixedPricingModel
113,b1e08644-5764-4910-9335-a51c1b66460c,58,pending,44,App\Models\FixedPricingModel
114,b1e08644-5764-4910-9335-a51c1b66460c,58,pending,159,App\Models\FixedPricingModel
115,b1e08644-5764-4910-9335-a51c1b66460c,59,pending,10,App\Models\FixedPricingModel
116,b1e08644-5764-4910-9335-a51c1b66460c,59,pending,21,App\Models\FixedPricingModel
117,b1e08644-5764-4910-9335-a51c1b66460c,60,pending,48,App\Models\FixedPricingModel
118,b1e08644-5764-4910-9335-a51c1b66460c,60,pending,28,App\Models\FixedPricingModel
119,b1e08644-5764-4910-9335-a51c1b66460c,61,pending,186,App\Models\FixedPricingModel
120,b1e08644-5764-4910-9335-a51c1b66460c,61,pending,149,App\Models\FixedPricingModel
121,b1e08644-5764-4910-9335-a51c1b66460c,62,pending,64,App\Models\FixedPricingModel
122,b1e08644-5764-4910-9335-a51c1b66460c,62,pending,46,App\Models\FixedPricingModel
123,b1e08644-5764-4910-9335-a51c1b66460c,63,pending,119,App\Models\FixedPricingModel
124,b1e08644-5764-4910-9335-a51c1b66460c,63,pending,4,App\Models\FixedPricingModel
125,b1e08644-5764-4910-9335-a51c1b66460c,64,pending,184,App\Models\FixedPricingModel
126,b1e08644-5764-4910-9335-a51c1b66460c,64,pending,194,App\Models\FixedPricingModel
127,b1e08644-5764-4910-9335-a51c1b66460c,65,pending,129,App\Models\FixedPricingModel
128,b1e08644-5764-4910-9335-a51c1b66460c,65,pending,20,App\Models\FixedPricingModel
129,b1e08644-5764-4910-9335-a51c1b66460c,66,pending,40,App\Models\FixedPricingModel
130,b1e08644-5764-4910-9335-a51c1b66460c,66,pending,173,App\Models\FixedPricingModel
131,b1e08644-5764-4910-9335-a51c1b66460c,67,pending,167,App\Models\FixedPricingModel
132,b1e08644-5764-4910-9335-a51c1b66460c,67,pending,18,App\Models\FixedPricingModel
133,b1e08644-5764-4910-9335-a51c1b66460c,68,pending,138,App\Models\FixedPricingModel
134,b1e08644-5764-4910-9335-a51c1b66460c,68,pending,188,App\Models\FixedPricingModel
135,b1e08644-5764-4910-9335-a51c1b66460c,69,pending,126,App\Models\FixedPricingModel
136,b1e08644-5764-4910-9335-a51c1b66460c,69,pending,53,App\Models\FixedPricingModel
137,b1e08644-5764-4910-9335-a51c1b66460c,70,pending,29,App\Models\FixedPricingModel
138,b1e08644-5764-4910-9335-a51c1b66460c,70,pending,98,App\Models\FixedPricingModel
139,b1e08644-5764-4910-9335-a51c1b66460c,71,pending,93,App\Models\FixedPricingModel
140,b1e08644-5764-4910-9335-a51c1b66460c,71,pending,91,App\Models\FixedPricingModel
141,b1e08644-5764-4910-9335-a51c1b66460c,72,pending,80,App\Models\FixedPricingModel
142,b1e08644-5764-4910-9335-a51c1b66460c,72,pending,66,App\Models\FixedPricingModel
143,b1e08644-5764-4910-9335-a51c1b66460c,73,pending,63,App\Models\FixedPricingModel
144,b1e08644-5764-4910-9335-a51c1b66460c,73,pending,72,App\Models\FixedPricingModel
145,b1e08644-5764-4910-9335-a51c1b66460c,74,pending,189,App\Models\FixedPricingModel
146,b1e08644-5764-4910-9335-a51c1b66460c,74,pending,67,App\Models\FixedPricingModel
147,b1e08644-5764-4910-9335-a51c1b66460c,75,pending,24,App\Models\FixedPricingModel
148,b1e08644-5764-4910-9335-a51c1b66460c,75,pending,189,App\Models\FixedPricingModel
149,b1e08644-5764-4910-9335-a51c1b66460c,76,pending,113,App\Models\FixedPricingModel
150,b1e08644-5764-4910-9335-a51c1b66460c,76,pending,60,App\Models\FixedPricingModel
151,b1e08644-5764-4910-9335-a51c1b66460c,77,pending,90,App\Models\FixedPricingModel
152,b1e08644-5764-4910-9335-a51c1b66460c,77,pending,103,App\Models\FixedPricingModel
153,b1e08644-5764-4910-9335-a51c1b66460c,78,pending,86,App\Models\FixedPricingModel
154,b1e08644-5764-4910-9335-a51c1b66460c,78,pending,32,App\Models\FixedPricingModel
155,b1e08644-5764-4910-9335-a51c1b66460c,79,pending,22,App\Models\FixedPricingModel
156,b1e08644-5764-4910-9335-a51c1b66460c,79,pending,77,App\Models\FixedPricingModel
157,b1e08644-5764-4910-9335-a51c1b66460c,80,pending,170,App\Models\FixedPricingModel
158,b1e08644-5764-4910-9335-a51c1b66460c,80,pending,171,App\Models\FixedPricingModel
159,b1e08644-5764-4910-9335-a51c1b66460c,81,pending,167,App\Models\FixedPricingModel
160,b1e08644-5764-4910-9335-a51c1b66460c,81,pending,93,App\Models\FixedPricingModel
161,b1e08644-5764-4910-9335-a51c1b66460c,82,pending,35,App\Models\FixedPricingModel
162,b1e08644-5764-4910-9335-a51c1b66460c,82,pending,61,App\Models\FixedPricingModel
163,b1e08644-5764-4910-9335-a51c1b66460c,83,pending,108,App\Models\FixedPricingModel
164,b1e08644-5764-4910-9335-a51c1b66460c,83,pending,57,App\Models\FixedPricingModel
165,b1e08644-5764-4910-9335-a51c1b66460c,84,pending,76,App\Models\FixedPricingModel
166,b1e08644-5764-4910-9335-a51c1b66460c,84,pending,43,App\Models\FixedPricingModel
167,b1e08644-5764-4910-9335-a51c1b66460c,85,pending,141,App\Models\FixedPricingModel
168,b1e08644-5764-4910-9335-a51c1b66460c,85,pending,194,App\Models\FixedPricingModel
169,b1e08644-5764-4910-9335-a51c1b66460c,86,pending,186,App\Models\FixedPricingModel
170,b1e08644-5764-4910-9335-a51c1b66460c,86,pending,105,App\Models\FixedPricingModel
171,b1e08644-5764-4910-9335-a51c1b66460c,87,pending,195,App\Models\FixedPricingModel
172,b1e08644-5764-4910-9335-a51c1b66460c,87,pending,155,App\Models\FixedPricingModel
173,b1e08644-5764-4910-9335-a51c1b66460c,88,pending,69,App\Models\FixedPricingModel
174,b1e08644-5764-4910-9335-a51c1b66460c,88,pending,43,App\Models\FixedPricingModel
175,b1e08644-5764-4910-9335-a51c1b66460c,89,pending,126,App\Models\FixedPricingModel
176,b1e08644-5764-4910-9335-a51c1b66460c,89,pending,157,App\Models\FixedPricingModel
177,b1e08644-5764-4910-9335-a51c1b66460c,90,pending,136,App\Models\FixedPricingModel
178,b1e08644-5764-4910-9335-a51c1b66460c,90,pending,153,App\Models\FixedPricingModel
179,b1e08644-5764-4910-9335-a51c1b66460c,91,pending,87,App\Models\FixedPricingModel
180,b1e08644-5764-4910-9335-a51c1b66460c,91,pending,24,App\Models\FixedPricingModel
181,b1e08644-5764-4910-9335-a51c1b66460c,92,pending,181,App\Models\FixedPricingModel
182,b1e08644-5764-4910-9335-a51c1b66460c,92,pending,147,App\Models\FixedPricingModel
183,b1e08644-5764-4910-9335-a51c1b66460c,93,pending,96,App\Models\FixedPricingModel
184,b1e08644-5764-4910-9335-a51c1b66460c,93,pending,53,App\Models\FixedPricingModel
185,b1e08644-5764-4910-9335-a51c1b66460c,94,pending,116,App\Models\FixedPricingModel
186,b1e08644-5764-4910-9335-a51c1b66460c,94,pending,12,App\Models\FixedPricingModel
187,b1e08644-5764-4910-9335-a51c1b66460c,95,pending,154,App\Models\FixedPricingModel
188,b1e08644-5764-4910-9335-a51c1b66460c,95,pending,86,App\Models\FixedPricingModel
189,b1e08644-5764-4910-9335-a51c1b66460c,96,pending,109,App\Models\FixedPricingModel
190,b1e08644-5764-4910-9335-a51c1b66460c,96,pending,138,App\Models\FixedPricingModel
191,b1e08644-5764-4910-9335-a51c1b66460c,97,pending,84,App\Models\FixedPricingModel
192,b1e08644-5764-4910-9335-a51c1b66460c,97,pending,56,App\Models\FixedPricingModel
193,b1e08644-5764-4910-9335-a51c1b66460c,98,pending,188,App\Models\FixedPricingModel
194,b1e08644-5764-4910-9335-a51c1b66460c,98,pending,170,App\Models\FixedPricingModel
195,b1e08644-5764-4910-9335-a51c1b66460c,99,pending,26,App\Models\FixedPricingModel
196,b1e08644-5764-4910-9335-a51c1b66460c,99,pending,130,App\Models\FixedPricingModel
197,b1e08644-5764-4910-9335-a51c1b66460c,100,pending,20,App\Models\FixedPricingModel
198,b1e08644-5764-4910-9335-a51c1b66460c,100,pending,196,App\Models\FixedPricingModel
199,b1e08644-5764-4910-9335-a51c1b66460c,101,pending,126,App\Models\FixedPricingModel
200,b1e08644-5764-4910-9335-a51c1b66460c,101,pending,171,App\Models\FixedPricingModel
201,b1e08644-5764-4910-9335-a51c1b66460c,102,pending,147,App\Models\FixedPricingModel
202,b1e08644-5764-4910-9335-a51c1b66460c,102,pending,61,App\Models\FixedPricingModel
203,cc7c3461-3d14-4c65-88f2-e938df903027,103,pending,175,App\Models\FixedPricingModel
204,cc7c3461-3d14-4c65-88f2-e938df903027,103,pending,26,App\Models\FixedPricingModel
205,cc7c3461-3d14-4c65-88f2-e938df903027,104,pending,102,App\Models\FixedPricingModel
206,cc7c3461-3d14-4c65-88f2-e938df903027,104,pending,138,App\Models\FixedPricingModel
207,cc7c3461-3d14-4c65-88f2-e938df903027,105,pending,44,App\Models\FixedPricingModel
208,cc7c3461-3d14-4c65-88f2-e938df903027,105,pending,132,App\Models\FixedPricingModel
209,cc7c3461-3d14-4c65-88f2-e938df903027,106,pending,174,App\Models\FixedPricingModel
210,cc7c3461-3d14-4c65-88f2-e938df903027,106,pending,74,App\Models\FixedPricingModel
211,cc7c3461-3d14-4c65-88f2-e938df903027,107,pending,82,App\Models\FixedPricingModel
212,cc7c3461-3d14-4c65-88f2-e938df903027,107,pending,25,App\Models\FixedPricingModel
213,cc7c3461-3d14-4c65-88f2-e938df903027,108,pending,37,App\Models\FixedPricingModel
214,cc7c3461-3d14-4c65-88f2-e938df903027,108,pending,142,App\Models\FixedPricingModel
215,cc7c3461-3d14-4c65-88f2-e938df903027,109,pending,69,App\Models\FixedPricingModel
216,cc7c3461-3d14-4c65-88f2-e938df903027,109,pending,114,App\Models\FixedPricingModel
217,cc7c3461-3d14-4c65-88f2-e938df903027,110,pending,28,App\Models\FixedPricingModel
218,cc7c3461-3d14-4c65-88f2-e938df903027,110,pending,185,App\Models\FixedPricingModel
219,cc7c3461-3d14-4c65-88f2-e938df903027,111,pending,13,App\Models\FixedPricingModel
220,cc7c3461-3d14-4c65-88f2-e938df903027,111,pending,51,App\Models\FixedPricingModel
221,cc7c3461-3d14-4c65-88f2-e938df903027,112,pending,20,App\Models\FixedPricingModel
222,cc7c3461-3d14-4c65-88f2-e938df903027,112,pending,190,App\Models\FixedPricingModel
223,cc7c3461-3d14-4c65-88f2-e938df903027,113,pending,146,App\Models\FixedPricingModel
224,cc7c3461-3d14-4c65-88f2-e938df903027,113,pending,194,App\Models\FixedPricingModel
225,cc7c3461-3d14-4c65-88f2-e938df903027,114,pending,152,App\Models\FixedPricingModel
226,cc7c3461-3d14-4c65-88f2-e938df903027,114,pending,68,App\Models\FixedPricingModel
227,cc7c3461-3d14-4c65-88f2-e938df903027,115,pending,57,App\Models\FixedPricingModel
228,cc7c3461-3d14-4c65-88f2-e938df903027,115,pending,202,App\Models\FixedPricingModel
229,cc7c3461-3d14-4c65-88f2-e938df903027,116,pending,130,App\Models\FixedPricingModel
230,cc7c3461-3d14-4c65-88f2-e938df903027,116,pending,4,App\Models\FixedPricingModel
231,cc7c3461-3d14-4c65-88f2-e938df903027,117,pending,47,App\Models\FixedPricingModel
232,cc7c3461-3d14-4c65-88f2-e938df903027,117,pending,148,App\Models\FixedPricingModel
233,cc7c3461-3d14-4c65-88f2-e938df903027,118,pending,89,App\Models\FixedPricingModel
234,cc7c3461-3d14-4c65-88f2-e938df903027,118,pending,119,App\Models\FixedPricingModel
235,cc7c3461-3d14-4c65-88f2-e938df903027,119,pending,178,App\Models\FixedPricingModel
236,cc7c3461-3d14-4c65-88f2-e938df903027,119,pending,184,App\Models\FixedPricingModel
237,cc7c3461-3d14-4c65-88f2-e938df903027,120,pending,49,App\Models\FixedPricingModel
238,cc7c3461-3d14-4c65-88f2-e938df903027,120,pending,87,App\Models\FixedPricingModel
239,cc7c3461-3d14-4c65-88f2-e938df903027,121,pending,10,App\Models\FixedPricingModel
240,cc7c3461-3d14-4c65-88f2-e938df903027,121,pending,68,App\Models\FixedPricingModel
241,cc7c3461-3d14-4c65-88f2-e938df903027,122,pending,26,App\Models\FixedPricingModel
242,cc7c3461-3d14-4c65-88f2-e938df903027,122,pending,23,App\Models\FixedPricingModel
243,cc7c3461-3d14-4c65-88f2-e938df903027,123,pending,89,App\Models\FixedPricingModel
244,cc7c3461-3d14-4c65-88f2-e938df903027,123,pending,26,App\Models\FixedPricingModel
245,cc7c3461-3d14-4c65-88f2-e938df903027,124,pending,87,App\Models\FixedPricingModel
246,cc7c3461-3d14-4c65-88f2-e938df903027,124,pending,115,App\Models\FixedPricingModel
247,cc7c3461-3d14-4c65-88f2-e938df903027,125,pending,130,App\Models\FixedPricingModel
248,cc7c3461-3d14-4c65-88f2-e938df903027,125,pending,116,App\Models\FixedPricingModel
249,cc7c3461-3d14-4c65-88f2-e938df903027,126,pending,56,App\Models\FixedPricingModel
250,cc7c3461-3d14-4c65-88f2-e938df903027,126,pending,138,App\Models\FixedPricingModel
251,cc7c3461-3d14-4c65-88f2-e938df903027,127,pending,183,App\Models\FixedPricingModel
252,cc7c3461-3d14-4c65-88f2-e938df903027,127,pending,182,App\Models\FixedPricingModel
253,cc7c3461-3d14-4c65-88f2-e938df903027,128,pending,71,App\Models\FixedPricingModel
254,cc7c3461-3d14-4c65-88f2-e938df903027,128,pending,86,App\Models\FixedPricingModel
255,cc7c3461-3d14-4c65-88f2-e938df903027,129,pending,141,App\Models\FixedPricingModel
256,cc7c3461-3d14-4c65-88f2-e938df903027,129,pending,139,App\Models\FixedPricingModel
257,cc7c3461-3d14-4c65-88f2-e938df903027,130,pending,118,App\Models\FixedPricingModel
258,cc7c3461-3d14-4c65-88f2-e938df903027,130,pending,140,App\Models\FixedPricingModel
259,cc7c3461-3d14-4c65-88f2-e938df903027,131,pending,35,App\Models\FixedPricingModel
260,cc7c3461-3d14-4c65-88f2-e938df903027,131,pending,64,App\Models\FixedPricingModel
261,cc7c3461-3d14-4c65-88f2-e938df903027,132,pending,62,App\Models\FixedPricingModel
262,cc7c3461-3d14-4c65-88f2-e938df903027,132,pending,151,App\Models\FixedPricingModel
263,cc7c3461-3d14-4c65-88f2-e938df903027,133,pending,31,App\Models\FixedPricingModel
264,cc7c3461-3d14-4c65-88f2-e938df903027,133,pending,142,App\Models\FixedPricingModel
265,cc7c3461-3d14-4c65-88f2-e938df903027,134,pending,163,App\Models\FixedPricingModel
266,cc7c3461-3d14-4c65-88f2-e938df903027,134,pending,128,App\Models\FixedPricingModel
267,cc7c3461-3d14-4c65-88f2-e938df903027,135,pending,106,App\Models\FixedPricingModel
268,cc7c3461-3d14-4c65-88f2-e938df903027,135,pending,15,App\Models\FixedPricingModel
269,cc7c3461-3d14-4c65-88f2-e938df903027,136,pending,4,App\Models\FixedPricingModel
270,cc7c3461-3d14-4c65-88f2-e938df903027,136,pending,164,App\Models\FixedPricingModel
271,cc7c3461-3d14-4c65-88f2-e938df903027,137,pending,42,App\Models\FixedPricingModel
272,cc7c3461-3d14-4c65-88f2-e938df903027,137,pending,61,App\Models\FixedPricingModel
273,cc7c3461-3d14-4c65-88f2-e938df903027,138,pending,84,App\Models\FixedPricingModel
274,cc7c3461-3d14-4c65-88f2-e938df903027,138,pending,150,App\Models\FixedPricingModel
275,cc7c3461-3d14-4c65-88f2-e938df903027,139,pending,120,App\Models\FixedPricingModel
276,cc7c3461-3d14-4c65-88f2-e938df903027,139,pending,68,App\Models\FixedPricingModel
277,cc7c3461-3d14-4c65-88f2-e938df903027,140,pending,105,App\Models\FixedPricingModel
278,cc7c3461-3d14-4c65-88f2-e938df903027,140,pending,8,App\Models\FixedPricingModel
279,cc7c3461-3d14-4c65-88f2-e938df903027,141,pending,119,App\Models\FixedPricingModel
280,cc7c3461-3d14-4c65-88f2-e938df903027,141,pending,47,App\Models\FixedPricingModel
281,cc7c3461-3d14-4c65-88f2-e938df903027,142,pending,16,App\Models\FixedPricingModel
282,cc7c3461-3d14-4c65-88f2-e938df903027,142,pending,103,App\Models\FixedPricingModel
283,cc7c3461-3d14-4c65-88f2-e938df903027,143,pending,86,App\Models\FixedPricingModel
284,cc7c3461-3d14-4c65-88f2-e938df903027,143,pending,113,App\Models\FixedPricingModel
285,cc7c3461-3d14-4c65-88f2-e938df903027,144,pending,153,App\Models\FixedPricingModel
286,cc7c3461-3d14-4c65-88f2-e938df903027,144,pending,30,App\Models\FixedPricingModel
287,cc7c3461-3d14-4c65-88f2-e938df903027,145,pending,114,App\Models\FixedPricingModel
288,cc7c3461-3d14-4c65-88f2-e938df903027,145,pending,165,App\Models\FixedPricingModel
289,cc7c3461-3d14-4c65-88f2-e938df903027,146,pending,86,App\Models\FixedPricingModel
290,cc7c3461-3d14-4c65-88f2-e938df903027,146,pending,95,App\Models\FixedPricingModel
291,cc7c3461-3d14-4c65-88f2-e938df903027,147,pending,168,App\Models\FixedPricingModel
292,cc7c3461-3d14-4c65-88f2-e938df903027,147,pending,100,App\Models\FixedPricingModel
293,cc7c3461-3d14-4c65-88f2-e938df903027,148,pending,194,App\Models\FixedPricingModel
294,cc7c3461-3d14-4c65-88f2-e938df903027,148,pending,13,App\Models\FixedPricingModel
295,cc7c3461-3d14-4c65-88f2-e938df903027,149,pending,176,App\Models\FixedPricingModel
296,cc7c3461-3d14-4c65-88f2-e938df903027,149,pending,89,App\Models\FixedPricingModel
297,cc7c3461-3d14-4c65-88f2-e938df903027,150,pending,162,App\Models\FixedPricingModel
298,cc7c3461-3d14-4c65-88f2-e938df903027,150,pending,60,App\Models\FixedPricingModel
299,cc7c3461-3d14-4c65-88f2-e938df903027,151,pending,152,App\Models\FixedPricingModel
300,cc7c3461-3d14-4c65-88f2-e938df903027,151,pending,12,App\Models\FixedPricingModel
301,cc7c3461-3d14-4c65-88f2-e938df903027,152,pending,151,App\Models\FixedPricingModel
302,cc7c3461-3d14-4c65-88f2-e938df903027,152,pending,46,App\Models\FixedPricingModel
303,cc7c3461-3d14-4c65-88f2-e938df903027,153,pending,23,App\Models\FixedPricingModel
304,cc7c3461-3d14-4c65-88f2-e938df903027,153,pending,102,App\Models\FixedPricingModel
305,cc7c3461-3d14-4c65-88f2-e938df903027,154,pending,153,App\Models\FixedPricingModel
306,cc7c3461-3d14-4c65-88f2-e938df903027,154,pending,145,App\Models\FixedPricingModel
307,cc7c3461-3d14-4c65-88f2-e938df903027,155,pending,76,App\Models\FixedPricingModel
308,cc7c3461-3d14-4c65-88f2-e938df903027,155,pending,57,App\Models\FixedPricingModel
309,cc7c3461-3d14-4c65-88f2-e938df903027,156,pending,112,App\Models\FixedPricingModel
310,cc7c3461-3d14-4c65-88f2-e938df903027,156,pending,144,App\Models\FixedPricingModel
311,cc7c3461-3d14-4c65-88f2-e938df903027,157,pending,20,App\Models\FixedPricingModel
312,cc7c3461-3d14-4c65-88f2-e938df903027,157,pending,153,App\Models\FixedPricingModel
313,cc7c3461-3d14-4c65-88f2-e938df903027,158,pending,133,App\Models\FixedPricingModel
314,cc7c3461-3d14-4c65-88f2-e938df903027,158,pending,95,App\Models\FixedPricingModel
315,cc7c3461-3d14-4c65-88f2-e938df903027,159,pending,76,App\Models\FixedPricingModel
316,cc7c3461-3d14-4c65-88f2-e938df903027,159,pending,189,App\Models\FixedPricingModel
317,cc7c3461-3d14-4c65-88f2-e938df903027,160,pending,106,App\Models\FixedPricingModel
318,cc7c3461-3d14-4c65-88f2-e938df903027,160,pending,194,App\Models\FixedPricingModel
319,cc7c3461-3d14-4c65-88f2-e938df903027,161,pending,86,App\Models\FixedPricingModel
320,cc7c3461-3d14-4c65-88f2-e938df903027,161,pending,182,App\Models\FixedPricingModel
321,cc7c3461-3d14-4c65-88f2-e938df903027,162,pending,176,App\Models\FixedPricingModel
322,cc7c3461-3d14-4c65-88f2-e938df903027,162,pending,75,App\Models\FixedPricingModel
323,cc7c3461-3d14-4c65-88f2-e938df903027,163,pending,176,App\Models\FixedPricingModel
324,cc7c3461-3d14-4c65-88f2-e938df903027,163,pending,187,App\Models\FixedPricingModel
325,cc7c3461-3d14-4c65-88f2-e938df903027,164,pending,76,App\Models\FixedPricingModel
326,cc7c3461-3d14-4c65-88f2-e938df903027,164,pending,108,App\Models\FixedPricingModel
327,cc7c3461-3d14-4c65-88f2-e938df903027,165,pending,71,App\Models\FixedPricingModel
328,cc7c3461-3d14-4c65-88f2-e938df903027,165,pending,126,App\Models\FixedPricingModel
329,cc7c3461-3d14-4c65-88f2-e938df903027,166,pending,61,App\Models\FixedPricingModel
330,cc7c3461-3d14-4c65-88f2-e938df903027,166,pending,114,App\Models\FixedPricingModel
331,cc7c3461-3d14-4c65-88f2-e938df903027,167,pending,87,App\Models\FixedPricingModel
332,cc7c3461-3d14-4c65-88f2-e938df903027,167,pending,191,App\Models\FixedPricingModel
333,cc7c3461-3d14-4c65-88f2-e938df903027,168,pending,120,App\Models\FixedPricingModel
334,cc7c3461-3d14-4c65-88f2-e938df903027,168,pending,152,App\Models\FixedPricingModel
335,cc7c3461-3d14-4c65-88f2-e938df903027,169,pending,130,App\Models\FixedPricingModel
336,cc7c3461-3d14-4c65-88f2-e938df903027,169,pending,24,App\Models\FixedPricingModel
337,cc7c3461-3d14-4c65-88f2-e938df903027,170,pending,126,App\Models\FixedPricingModel
338,cc7c3461-3d14-4c65-88f2-e938df903027,170,pending,45,App\Models\FixedPricingModel
339,cc7c3461-3d14-4c65-88f2-e938df903027,171,pending,70,App\Models\FixedPricingModel
340,cc7c3461-3d14-4c65-88f2-e938df903027,171,pending,162,App\Models\FixedPricingModel
341,cc7c3461-3d14-4c65-88f2-e938df903027,172,pending,42,App\Models\FixedPricingModel
342,cc7c3461-3d14-4c65-88f2-e938df903027,172,pending,17,App\Models\FixedPricingModel
343,cc7c3461-3d14-4c65-88f2-e938df903027,173,pending,4,App\Models\FixedPricingModel
344,cc7c3461-3d14-4c65-88f2-e938df903027,173,pending,122,App\Models\FixedPricingModel
345,cc7c3461-3d14-4c65-88f2-e938df903027,174,pending,120,App\Models\FixedPricingModel
346,cc7c3461-3d14-4c65-88f2-e938df903027,174,pending,175,App\Models\FixedPricingModel
347,cc7c3461-3d14-4c65-88f2-e938df903027,175,pending,60,App\Models\FixedPricingModel
348,cc7c3461-3d14-4c65-88f2-e938df903027,175,pending,72,App\Models\FixedPricingModel
349,cc7c3461-3d14-4c65-88f2-e938df903027,176,pending,19,App\Models\FixedPricingModel
350,cc7c3461-3d14-4c65-88f2-e938df903027,176,pending,4,App\Models\FixedPricingModel
351,cc7c3461-3d14-4c65-88f2-e938df903027,177,pending,59,App\Models\FixedPricingModel
352,cc7c3461-3d14-4c65-88f2-e938df903027,177,pending,141,App\Models\FixedPricingModel
353,cc7c3461-3d14-4c65-88f2-e938df903027,178,pending,200,App\Models\FixedPricingModel
354,cc7c3461-3d14-4c65-88f2-e938df903027,178,pending,201,App\Models\FixedPricingModel
355,cc7c3461-3d14-4c65-88f2-e938df903027,179,pending,200,App\Models\FixedPricingModel
356,cc7c3461-3d14-4c65-88f2-e938df903027,179,pending,62,App\Models\FixedPricingModel
357,cc7c3461-3d14-4c65-88f2-e938df903027,180,pending,130,App\Models\FixedPricingModel
358,cc7c3461-3d14-4c65-88f2-e938df903027,180,pending,79,App\Models\FixedPricingModel
359,cc7c3461-3d14-4c65-88f2-e938df903027,181,pending,56,App\Models\FixedPricingModel
360,cc7c3461-3d14-4c65-88f2-e938df903027,181,pending,123,App\Models\FixedPricingModel
361,cc7c3461-3d14-4c65-88f2-e938df903027,182,pending,35,App\Models\FixedPricingModel
362,cc7c3461-3d14-4c65-88f2-e938df903027,182,pending,138,App\Models\FixedPricingModel
363,cc7c3461-3d14-4c65-88f2-e938df903027,183,pending,161,App\Models\FixedPricingModel
364,cc7c3461-3d14-4c65-88f2-e938df903027,183,pending,77,App\Models\FixedPricingModel
365,cc7c3461-3d14-4c65-88f2-e938df903027,184,pending,127,App\Models\FixedPricingModel
366,cc7c3461-3d14-4c65-88f2-e938df903027,184,pending,15,App\Models\FixedPricingModel
367,cc7c3461-3d14-4c65-88f2-e938df903027,185,pending,34,App\Models\FixedPricingModel
368,cc7c3461-3d14-4c65-88f2-e938df903027,185,pending,75,App\Models\FixedPricingModel
369,cc7c3461-3d14-4c65-88f2-e938df903027,186,pending,74,App\Models\FixedPricingModel
370,cc7c3461-3d14-4c65-88f2-e938df903027,186,pending,47,App\Models\FixedPricingModel
371,cc7c3461-3d14-4c65-88f2-e938df903027,187,pending,56,App\Models\FixedPricingModel
372,cc7c3461-3d14-4c65-88f2-e938df903027,187,pending,141,App\Models\FixedPricingModel
373,cc7c3461-3d14-4c65-88f2-e938df903027,188,pending,171,App\Models\FixedPricingModel
374,cc7c3461-3d14-4c65-88f2-e938df903027,188,pending,123,App\Models\FixedPricingModel
375,cc7c3461-3d14-4c65-88f2-e938df903027,189,pending,59,App\Models\FixedPricingModel
376,cc7c3461-3d14-4c65-88f2-e938df903027,189,pending,119,App\Models\FixedPricingModel
377,cc7c3461-3d14-4c65-88f2-e938df903027,190,pending,118,App\Models\FixedPricingModel
378,cc7c3461-3d14-4c65-88f2-e938df903027,190,pending,39,App\Models\FixedPricingModel
379,cc7c3461-3d14-4c65-88f2-e938df903027,191,pending,64,App\Models\FixedPricingModel
380,cc7c3461-3d14-4c65-88f2-e938df903027,191,pending,82,App\Models\FixedPricingModel
381,cc7c3461-3d14-4c65-88f2-e938df903027,192,pending,54,App\Models\FixedPricingModel
382,cc7c3461-3d14-4c65-88f2-e938df903027,192,pending,77,App\Models\FixedPricingModel
383,cc7c3461-3d14-4c65-88f2-e938df903027,193,pending,186,App\Models\FixedPricingModel
384,cc7c3461-3d14-4c65-88f2-e938df903027,193,pending,173,App\Models\FixedPricingModel
385,cc7c3461-3d14-4c65-88f2-e938df903027,194,pending,3,App\Models\FixedPricingModel
386,cc7c3461-3d14-4c65-88f2-e938df903027,194,pending,144,App\Models\FixedPricingModel
387,cc7c3461-3d14-4c65-88f2-e938df903027,195,pending,195,App\Models\FixedPricingModel
388,cc7c3461-3d14-4c65-88f2-e938df903027,195,pending,38,App\Models\FixedPricingModel
389,cc7c3461-3d14-4c65-88f2-e938df903027,196,pending,169,App\Models\FixedPricingModel
390,cc7c3461-3d14-4c65-88f2-e938df903027,196,pending,32,App\Models\FixedPricingModel
391,cc7c3461-3d14-4c65-88f2-e938df903027,197,pending,108,App\Models\FixedPricingModel
392,cc7c3461-3d14-4c65-88f2-e938df903027,197,pending,3,App\Models\FixedPricingModel
393,cc7c3461-3d14-4c65-88f2-e938df903027,198,pending,99,App\Models\FixedPricingModel
394,cc7c3461-3d14-4c65-88f2-e938df903027,198,pending,18,App\Models\FixedPricingModel
395,cc7c3461-3d14-4c65-88f2-e938df903027,199,pending,159,App\Models\FixedPricingModel
396,cc7c3461-3d14-4c65-88f2-e938df903027,199,pending,90,App\Models\FixedPricingModel
397,cc7c3461-3d14-4c65-88f2-e938df903027,200,pending,5,App\Models\FixedPricingModel
398,cc7c3461-3d14-4c65-88f2-e938df903027,200,pending,141,App\Models\FixedPricingModel
399,cc7c3461-3d14-4c65-88f2-e938df903027,201,pending,106,App\Models\FixedPricingModel
400,cc7c3461-3d14-4c65-88f2-e938df903027,201,pending,146,App\Models\FixedPricingModel
401,cc7c3461-3d14-4c65-88f2-e938df903027,202,pending,167,App\Models\FixedPricingModel
402,cc7c3461-3d14-4c65-88f2-e938df903027,202,pending,185,App\Models\FixedPricingModel
403,b03b40b2-898b-474d-9a52-f0c375e31237,203,pending,143,App\Models\FixedPricingModel
404,b03b40b2-898b-474d-9a52-f0c375e31237,203,pending,115,App\Models\FixedPricingModel
405,b03b40b2-898b-474d-9a52-f0c375e31237,204,pending,39,App\Models\FixedPricingModel
406,b03b40b2-898b-474d-9a52-f0c375e31237,204,pending,165,App\Models\FixedPricingModel
407,b03b40b2-898b-474d-9a52-f0c375e31237,205,pending,118,App\Models\FixedPricingModel
408,b03b40b2-898b-474d-9a52-f0c375e31237,205,pending,147,App\Models\FixedPricingModel
409,b03b40b2-898b-474d-9a52-f0c375e31237,206,pending,185,App\Models\FixedPricingModel
410,b03b40b2-898b-474d-9a52-f0c375e31237,206,pending,77,App\Models\FixedPricingModel
411,b03b40b2-898b-474d-9a52-f0c375e31237,207,pending,48,App\Models\FixedPricingModel
412,b03b40b2-898b-474d-9a52-f0c375e31237,207,pending,143,App\Models\FixedPricingModel
413,b03b40b2-898b-474d-9a52-f0c375e31237,208,pending,52,App\Models\FixedPricingModel
414,b03b40b2-898b-474d-9a52-f0c375e31237,208,pending,65,App\Models\FixedPricingModel
415,b03b40b2-898b-474d-9a52-f0c375e31237,209,pending,63,App\Models\FixedPricingModel
416,b03b40b2-898b-474d-9a52-f0c375e31237,209,pending,54,App\Models\FixedPricingModel
417,b03b40b2-898b-474d-9a52-f0c375e31237,210,pending,22,App\Models\FixedPricingModel
418,b03b40b2-898b-474d-9a52-f0c375e31237,210,pending,52,App\Models\FixedPricingModel
419,b03b40b2-898b-474d-9a52-f0c375e31237,211,pending,25,App\Models\FixedPricingModel
420,b03b40b2-898b-474d-9a52-f0c375e31237,211,pending,66,App\Models\FixedPricingModel
421,b03b40b2-898b-474d-9a52-f0c375e31237,212,pending,132,App\Models\FixedPricingModel
422,b03b40b2-898b-474d-9a52-f0c375e31237,212,pending,130,App\Models\FixedPricingModel
423,b03b40b2-898b-474d-9a52-f0c375e31237,213,pending,102,App\Models\FixedPricingModel
424,b03b40b2-898b-474d-9a52-f0c375e31237,213,pending,113,App\Models\FixedPricingModel
425,b03b40b2-898b-474d-9a52-f0c375e31237,214,pending,41,App\Models\FixedPricingModel
426,b03b40b2-898b-474d-9a52-f0c375e31237,214,pending,144,App\Models\FixedPricingModel
427,b03b40b2-898b-474d-9a52-f0c375e31237,215,pending,5,App\Models\FixedPricingModel
428,b03b40b2-898b-474d-9a52-f0c375e31237,215,pending,97,App\Models\FixedPricingModel
429,b03b40b2-898b-474d-9a52-f0c375e31237,216,pending,21,App\Models\FixedPricingModel
430,b03b40b2-898b-474d-9a52-f0c375e31237,216,pending,195,App\Models\FixedPricingModel
431,b03b40b2-898b-474d-9a52-f0c375e31237,217,pending,11,App\Models\FixedPricingModel
432,b03b40b2-898b-474d-9a52-f0c375e31237,217,pending,151,App\Models\FixedPricingModel
433,b03b40b2-898b-474d-9a52-f0c375e31237,218,pending,177,App\Models\FixedPricingModel
434,b03b40b2-898b-474d-9a52-f0c375e31237,218,pending,180,App\Models\FixedPricingModel
435,b03b40b2-898b-474d-9a52-f0c375e31237,219,pending,91,App\Models\FixedPricingModel
436,b03b40b2-898b-474d-9a52-f0c375e31237,219,pending,16,App\Models\FixedPricingModel
437,b03b40b2-898b-474d-9a52-f0c375e31237,220,pending,181,App\Models\FixedPricingModel
438,b03b40b2-898b-474d-9a52-f0c375e31237,220,pending,24,App\Models\FixedPricingModel
439,b03b40b2-898b-474d-9a52-f0c375e31237,221,pending,79,App\Models\FixedPricingModel
440,b03b40b2-898b-474d-9a52-f0c375e31237,221,pending,9,App\Models\FixedPricingModel
441,b03b40b2-898b-474d-9a52-f0c375e31237,222,pending,199,App\Models\FixedPricingModel
442,b03b40b2-898b-474d-9a52-f0c375e31237,222,pending,44,App\Models\FixedPricingModel
443,b03b40b2-898b-474d-9a52-f0c375e31237,223,pending,64,App\Models\FixedPricingModel
444,b03b40b2-898b-474d-9a52-f0c375e31237,223,pending,120,App\Models\FixedPricingModel
445,b03b40b2-898b-474d-9a52-f0c375e31237,224,pending,76,App\Models\FixedPricingModel
446,b03b40b2-898b-474d-9a52-f0c375e31237,224,pending,127,App\Models\FixedPricingModel
447,b03b40b2-898b-474d-9a52-f0c375e31237,225,pending,153,App\Models\FixedPricingModel
448,b03b40b2-898b-474d-9a52-f0c375e31237,225,pending,60,App\Models\FixedPricingModel
449,b03b40b2-898b-474d-9a52-f0c375e31237,226,pending,105,App\Models\FixedPricingModel
450,b03b40b2-898b-474d-9a52-f0c375e31237,226,pending,78,App\Models\FixedPricingModel
451,b03b40b2-898b-474d-9a52-f0c375e31237,227,pending,60,App\Models\FixedPricingModel
452,b03b40b2-898b-474d-9a52-f0c375e31237,227,pending,36,App\Models\FixedPricingModel
453,b03b40b2-898b-474d-9a52-f0c375e31237,228,pending,130,App\Models\FixedPricingModel
454,b03b40b2-898b-474d-9a52-f0c375e31237,228,pending,86,App\Models\FixedPricingModel
455,b03b40b2-898b-474d-9a52-f0c375e31237,229,pending,23,App\Models\FixedPricingModel
456,b03b40b2-898b-474d-9a52-f0c375e31237,229,pending,53,App\Models\FixedPricingModel
457,b03b40b2-898b-474d-9a52-f0c375e31237,230,pending,49,App\Models\FixedPricingModel
458,b03b40b2-898b-474d-9a52-f0c375e31237,230,pending,100,App\Models\FixedPricingModel
459,b03b40b2-898b-474d-9a52-f0c375e31237,231,pending,102,App\Models\FixedPricingModel
460,b03b40b2-898b-474d-9a52-f0c375e31237,231,pending,67,App\Models\FixedPricingModel
461,b03b40b2-898b-474d-9a52-f0c375e31237,232,pending,3,App\Models\FixedPricingModel
462,b03b40b2-898b-474d-9a52-f0c375e31237,232,pending,27,App\Models\FixedPricingModel
463,b03b40b2-898b-474d-9a52-f0c375e31237,233,pending,102,App\Models\FixedPricingModel
464,b03b40b2-898b-474d-9a52-f0c375e31237,233,pending,121,App\Models\FixedPricingModel
465,b03b40b2-898b-474d-9a52-f0c375e31237,234,pending,97,App\Models\FixedPricingModel
466,b03b40b2-898b-474d-9a52-f0c375e31237,234,pending,8,App\Models\FixedPricingModel
467,b03b40b2-898b-474d-9a52-f0c375e31237,235,pending,26,App\Models\FixedPricingModel
468,b03b40b2-898b-474d-9a52-f0c375e31237,235,pending,68,App\Models\FixedPricingModel
469,b03b40b2-898b-474d-9a52-f0c375e31237,236,pending,185,App\Models\FixedPricingModel
470,b03b40b2-898b-474d-9a52-f0c375e31237,236,pending,85,App\Models\FixedPricingModel
471,b03b40b2-898b-474d-9a52-f0c375e31237,237,pending,88,App\Models\FixedPricingModel
472,b03b40b2-898b-474d-9a52-f0c375e31237,237,pending,169,App\Models\FixedPricingModel
473,b03b40b2-898b-474d-9a52-f0c375e31237,238,pending,137,App\Models\FixedPricingModel
474,b03b40b2-898b-474d-9a52-f0c375e31237,238,pending,43,App\Models\FixedPricingModel
475,b03b40b2-898b-474d-9a52-f0c375e31237,239,pending,29,App\Models\FixedPricingModel
476,b03b40b2-898b-474d-9a52-f0c375e31237,239,pending,56,App\Models\FixedPricingModel
477,b03b40b2-898b-474d-9a52-f0c375e31237,240,pending,187,App\Models\FixedPricingModel
478,b03b40b2-898b-474d-9a52-f0c375e31237,240,pending,190,App\Models\FixedPricingModel
479,b03b40b2-898b-474d-9a52-f0c375e31237,241,pending,97,App\Models\FixedPricingModel
480,b03b40b2-898b-474d-9a52-f0c375e31237,241,pending,137,App\Models\FixedPricingModel
481,b03b40b2-898b-474d-9a52-f0c375e31237,242,pending,193,App\Models\FixedPricingModel
482,b03b40b2-898b-474d-9a52-f0c375e31237,242,pending,55,App\Models\FixedPricingModel
483,b03b40b2-898b-474d-9a52-f0c375e31237,243,pending,4,App\Models\FixedPricingModel
484,b03b40b2-898b-474d-9a52-f0c375e31237,243,pending,110,App\Models\FixedPricingModel
485,b03b40b2-898b-474d-9a52-f0c375e31237,244,pending,173,App\Models\FixedPricingModel
486,b03b40b2-898b-474d-9a52-f0c375e31237,244,pending,145,App\Models\FixedPricingModel
487,b03b40b2-898b-474d-9a52-f0c375e31237,245,pending,16,App\Models\FixedPricingModel
488,b03b40b2-898b-474d-9a52-f0c375e31237,245,pending,175,App\Models\FixedPricingModel
489,b03b40b2-898b-474d-9a52-f0c375e31237,246,pending,75,App\Models\FixedPricingModel
490,b03b40b2-898b-474d-9a52-f0c375e31237,246,pending,194,App\Models\FixedPricingModel
491,b03b40b2-898b-474d-9a52-f0c375e31237,247,pending,165,App\Models\FixedPricingModel
492,b03b40b2-898b-474d-9a52-f0c375e31237,247,pending,94,App\Models\FixedPricingModel
493,b03b40b2-898b-474d-9a52-f0c375e31237,248,pending,149,App\Models\FixedPricingModel
494,b03b40b2-898b-474d-9a52-f0c375e31237,248,pending,116,App\Models\FixedPricingModel
495,b03b40b2-898b-474d-9a52-f0c375e31237,249,pending,97,App\Models\FixedPricingModel
496,b03b40b2-898b-474d-9a52-f0c375e31237,249,pending,84,App\Models\FixedPricingModel
497,b03b40b2-898b-474d-9a52-f0c375e31237,250,pending,97,App\Models\FixedPricingModel
498,b03b40b2-898b-474d-9a52-f0c375e31237,250,pending,140,App\Models\FixedPricingModel
499,b03b40b2-898b-474d-9a52-f0c375e31237,251,pending,113,App\Models\FixedPricingModel
500,b03b40b2-898b-474d-9a52-f0c375e31237,251,pending,40,App\Models\FixedPricingModel
501,b03b40b2-898b-474d-9a52-f0c375e31237,252,pending,31,App\Models\FixedPricingModel
502,b03b40b2-898b-474d-9a52-f0c375e31237,252,pending,180,App\Models\FixedPricingModel
503,b03b40b2-898b-474d-9a52-f0c375e31237,253,pending,200,App\Models\FixedPricingModel
504,b03b40b2-898b-474d-9a52-f0c375e31237,253,pending,192,App\Models\FixedPricingModel
505,b03b40b2-898b-474d-9a52-f0c375e31237,254,pending,129,App\Models\FixedPricingModel
506,b03b40b2-898b-474d-9a52-f0c375e31237,254,pending,107,App\Models\FixedPricingModel
507,b03b40b2-898b-474d-9a52-f0c375e31237,255,pending,16,App\Models\FixedPricingModel
508,b03b40b2-898b-474d-9a52-f0c375e31237,255,pending,67,App\Models\FixedPricingModel
509,b03b40b2-898b-474d-9a52-f0c375e31237,256,pending,164,App\Models\FixedPricingModel
510,b03b40b2-898b-474d-9a52-f0c375e31237,256,pending,53,App\Models\FixedPricingModel
511,b03b40b2-898b-474d-9a52-f0c375e31237,257,pending,5,App\Models\FixedPricingModel
512,b03b40b2-898b-474d-9a52-f0c375e31237,257,pending,145,App\Models\FixedPricingModel
513,b03b40b2-898b-474d-9a52-f0c375e31237,258,pending,63,App\Models\FixedPricingModel
514,b03b40b2-898b-474d-9a52-f0c375e31237,258,pending,137,App\Models\FixedPricingModel
515,b03b40b2-898b-474d-9a52-f0c375e31237,259,pending,18,App\Models\FixedPricingModel
516,b03b40b2-898b-474d-9a52-f0c375e31237,259,pending,44,App\Models\FixedPricingModel
517,b03b40b2-898b-474d-9a52-f0c375e31237,260,pending,5,App\Models\FixedPricingModel
518,b03b40b2-898b-474d-9a52-f0c375e31237,260,pending,157,App\Models\FixedPricingModel
519,b03b40b2-898b-474d-9a52-f0c375e31237,261,pending,80,App\Models\FixedPricingModel
520,b03b40b2-898b-474d-9a52-f0c375e31237,261,pending,164,App\Models\FixedPricingModel
521,b03b40b2-898b-474d-9a52-f0c375e31237,262,pending,199,App\Models\FixedPricingModel
522,b03b40b2-898b-474d-9a52-f0c375e31237,262,pending,13,App\Models\FixedPricingModel
523,b03b40b2-898b-474d-9a52-f0c375e31237,263,pending,76,App\Models\FixedPricingModel
524,b03b40b2-898b-474d-9a52-f0c375e31237,263,pending,43,App\Models\FixedPricingModel
525,b03b40b2-898b-474d-9a52-f0c375e31237,264,pending,43,App\Models\FixedPricingModel
526,b03b40b2-898b-474d-9a52-f0c375e31237,264,pending,69,App\Models\FixedPricingModel
527,b03b40b2-898b-474d-9a52-f0c375e31237,265,pending,138,App\Models\FixedPricingModel
528,b03b40b2-898b-474d-9a52-f0c375e31237,265,pending,197,App\Models\FixedPricingModel
529,b03b40b2-898b-474d-9a52-f0c375e31237,266,pending,56,App\Models\FixedPricingModel
530,b03b40b2-898b-474d-9a52-f0c375e31237,266,pending,161,App\Models\FixedPricingModel
531,b03b40b2-898b-474d-9a52-f0c375e31237,267,pending,120,App\Models\FixedPricingModel
532,b03b40b2-898b-474d-9a52-f0c375e31237,267,pending,83,App\Models\FixedPricingModel
533,b03b40b2-898b-474d-9a52-f0c375e31237,268,pending,101,App\Models\FixedPricingModel
534,b03b40b2-898b-474d-9a52-f0c375e31237,268,pending,151,App\Models\FixedPricingModel
535,b03b40b2-898b-474d-9a52-f0c375e31237,269,pending,47,App\Models\FixedPricingModel
536,b03b40b2-898b-474d-9a52-f0c375e31237,269,pending,188,App\Models\FixedPricingModel
537,b03b40b2-898b-474d-9a52-f0c375e31237,270,pending,48,App\Models\FixedPricingModel
538,b03b40b2-898b-474d-9a52-f0c375e31237,270,pending,47,App\Models\FixedPricingModel
539,b03b40b2-898b-474d-9a52-f0c375e31237,271,pending,23,App\Models\FixedPricingModel
540,b03b40b2-898b-474d-9a52-f0c375e31237,271,pending,122,App\Models\FixedPricingModel
541,b03b40b2-898b-474d-9a52-f0c375e31237,272,pending,58,App\Models\FixedPricingModel
542,b03b40b2-898b-474d-9a52-f0c375e31237,272,pending,135,App\Models\FixedPricingModel
543,b03b40b2-898b-474d-9a52-f0c375e31237,273,pending,165,App\Models\FixedPricingModel
544,b03b40b2-898b-474d-9a52-f0c375e31237,273,pending,149,App\Models\FixedPricingModel
545,b03b40b2-898b-474d-9a52-f0c375e31237,274,pending,96,App\Models\FixedPricingModel
546,b03b40b2-898b-474d-9a52-f0c375e31237,274,pending,104,App\Models\FixedPricingModel
547,b03b40b2-898b-474d-9a52-f0c375e31237,275,pending,6,App\Models\FixedPricingModel
548,b03b40b2-898b-474d-9a52-f0c375e31237,275,pending,107,App\Models\FixedPricingModel
549,b03b40b2-898b-474d-9a52-f0c375e31237,276,pending,20,App\Models\FixedPricingModel
550,b03b40b2-898b-474d-9a52-f0c375e31237,276,pending,135,App\Models\FixedPricingModel
551,b03b40b2-898b-474d-9a52-f0c375e31237,277,pending,87,App\Models\FixedPricingModel
552,b03b40b2-898b-474d-9a52-f0c375e31237,277,pending,97,App\Models\FixedPricingModel
553,b03b40b2-898b-474d-9a52-f0c375e31237,278,pending,136,App\Models\FixedPricingModel
554,b03b40b2-898b-474d-9a52-f0c375e31237,278,pending,164,App\Models\FixedPricingModel
555,b03b40b2-898b-474d-9a52-f0c375e31237,279,pending,195,App\Models\FixedPricingModel
556,b03b40b2-898b-474d-9a52-f0c375e31237,279,pending,63,App\Models\FixedPricingModel
557,b03b40b2-898b-474d-9a52-f0c375e31237,280,pending,82,App\Models\FixedPricingModel
558,b03b40b2-898b-474d-9a52-f0c375e31237,280,pending,51,App\Models\FixedPricingModel
559,b03b40b2-898b-474d-9a52-f0c375e31237,281,pending,115,App\Models\FixedPricingModel
560,b03b40b2-898b-474d-9a52-f0c375e31237,281,pending,159,App\Models\FixedPricingModel
561,b03b40b2-898b-474d-9a52-f0c375e31237,282,pending,130,App\Models\FixedPricingModel
562,b03b40b2-898b-474d-9a52-f0c375e31237,282,pending,53,App\Models\FixedPricingModel
563,b03b40b2-898b-474d-9a52-f0c375e31237,283,pending,186,App\Models\FixedPricingModel
564,b03b40b2-898b-474d-9a52-f0c375e31237,283,pending,88,App\Models\FixedPricingModel
565,b03b40b2-898b-474d-9a52-f0c375e31237,284,pending,167,App\Models\FixedPricingModel
566,b03b40b2-898b-474d-9a52-f0c375e31237,284,pending,73,App\Models\FixedPricingModel
567,b03b40b2-898b-474d-9a52-f0c375e31237,285,pending,127,App\Models\FixedPricingModel
568,b03b40b2-898b-474d-9a52-f0c375e31237,285,pending,73,App\Models\FixedPricingModel
569,b03b40b2-898b-474d-9a52-f0c375e31237,286,pending,174,App\Models\FixedPricingModel
570,b03b40b2-898b-474d-9a52-f0c375e31237,286,pending,68,App\Models\FixedPricingModel
571,b03b40b2-898b-474d-9a52-f0c375e31237,287,pending,83,App\Models\FixedPricingModel
572,b03b40b2-898b-474d-9a52-f0c375e31237,287,pending,107,App\Models\FixedPricingModel
573,b03b40b2-898b-474d-9a52-f0c375e31237,288,pending,50,App\Models\FixedPricingModel
574,b03b40b2-898b-474d-9a52-f0c375e31237,288,pending,130,App\Models\FixedPricingModel
575,b03b40b2-898b-474d-9a52-f0c375e31237,289,pending,55,App\Models\FixedPricingModel
576,b03b40b2-898b-474d-9a52-f0c375e31237,289,pending,71,App\Models\FixedPricingModel
577,b03b40b2-898b-474d-9a52-f0c375e31237,290,pending,161,App\Models\FixedPricingModel
578,b03b40b2-898b-474d-9a52-f0c375e31237,290,pending,196,App\Models\FixedPricingModel
579,b03b40b2-898b-474d-9a52-f0c375e31237,291,pending,73,App\Models\FixedPricingModel
580,b03b40b2-898b-474d-9a52-f0c375e31237,291,pending,128,App\Models\FixedPricingModel
581,b03b40b2-898b-474d-9a52-f0c375e31237,292,pending,66,App\Models\FixedPricingModel
582,b03b40b2-898b-474d-9a52-f0c375e31237,292,pending,26,App\Models\FixedPricingModel
583,b03b40b2-898b-474d-9a52-f0c375e31237,293,pending,152,App\Models\FixedPricingModel
584,b03b40b2-898b-474d-9a52-f0c375e31237,293,pending,107,App\Models\FixedPricingModel
585,b03b40b2-898b-474d-9a52-f0c375e31237,294,pending,25,App\Models\FixedPricingModel
586,b03b40b2-898b-474d-9a52-f0c375e31237,294,pending,78,App\Models\FixedPricingModel
587,b03b40b2-898b-474d-9a52-f0c375e31237,295,pending,142,App\Models\FixedPricingModel
588,b03b40b2-898b-474d-9a52-f0c375e31237,295,pending,119,App\Models\FixedPricingModel
589,b03b40b2-898b-474d-9a52-f0c375e31237,296,pending,83,App\Models\FixedPricingModel
590,b03b40b2-898b-474d-9a52-f0c375e31237,296,pending,104,App\Models\FixedPricingModel
591,b03b40b2-898b-474d-9a52-f0c375e31237,297,pending,125,App\Models\FixedPricingModel
592,b03b40b2-898b-474d-9a52-f0c375e31237,297,pending,125,App\Models\FixedPricingModel
593,b03b40b2-898b-474d-9a52-f0c375e31237,298,pending,51,App\Models\FixedPricingModel
594,b03b40b2-898b-474d-9a52-f0c375e31237,298,pending,98,App\Models\FixedPricingModel
595,b03b40b2-898b-474d-9a52-f0c375e31237,299,pending,189,App\Models\FixedPricingModel
596,b03b40b2-898b-474d-9a52-f0c375e31237,299,pending,121,App\Models\FixedPricingModel
597,b03b40b2-898b-474d-9a52-f0c375e31237,300,pending,123,App\Models\FixedPricingModel
598,b03b40b2-898b-474d-9a52-f0c375e31237,300,pending,112,App\Models\FixedPricingModel
599,b03b40b2-898b-474d-9a52-f0c375e31237,301,pending,140,App\Models\FixedPricingModel
600,b03b40b2-898b-474d-9a52-f0c375e31237,301,pending,117,App\Models\FixedPricingModel
601,b03b40b2-898b-474d-9a52-f0c375e31237,302,pending,18,App\Models\FixedPricingModel
602,b03b40b2-898b-474d-9a52-f0c375e31237,302,pending,22,App\Models\FixedPricingModel
603,9cd15491-b6d3-4ca8-bc9f-68b83210aae1,303,pending,79,App\Models\FixedPricingModel
604,9cd15491-b6d3-4ca8-bc9f-68b83210aae1,303,pending,171,App\Models\FixedPricingModel
605,9cd15491-b6d3-4ca8-bc9f-68b83210aae1,304,pending,143,App\Models\FixedPricingModel
606,9cd15491-b6d3-4ca8-bc9f-68b83210aae1,304,pending,177,App\Models\FixedPricingModel
607,9cd15491-b6d3-4ca8-bc9f-68b83210aae1,305,pending,38,App\Models\FixedPricingModel
608,9cd15491-b6d3-4ca8-bc9f-68b83210aae1,305,pending,119,App\Models\FixedPricingModel
609,9cd15491-b6d3-4ca8-bc9f-68b83210aae1,306,pending,179,App\Models\FixedPricingModel
610,9cd15491-b6d3-4ca8-bc9f-68b83210aae1,306,pending,77,App\Models\FixedPricingModel
611,9cd15491-b6d3-4ca8-bc9f-68b83210aae1,307,pending,162,App\Models\FixedPricingModel
612,9cd15491-b6d3-4ca8-bc9f-68b83210aae1,307,pending,189,App\Models\FixedPricingModel
613,9cd15491-b6d3-4ca8-bc9f-68b83210aae1,308,pending,174,App\Models\FixedPricingModel
614,9cd15491-b6d3-4ca8-bc9f-68b83210aae1,308,pending,47,App\Models\FixedPricingModel
615,9cd15491-b6d3-4ca8-bc9f-68b83210aae1,309,pending,118,App\Models\FixedPricingModel
616,9cd15491-b6d3-4ca8-bc9f-68b83210aae1,309,pending,43,App\Models\FixedPricingModel
617,9cd15491-b6d3-4ca8-bc9f-68b83210aae1,310,pending,105,App\Models\FixedPricingModel
618,9cd15491-b6d3-4ca8-bc9f-68b83210aae1,310,pending,33,App\Models\FixedPricingModel
619,9cd15491-b6d3-4ca8-bc9f-68b83210aae1,311,pending,181,App\Models\FixedPricingModel
620,9cd15491-b6d3-4ca8-bc9f-68b83210aae1,311,pending,175,App\Models\FixedPricingModel
621,9cd15491-b6d3-4ca8-bc9f-68b83210aae1,312,pending,192,App\Models\FixedPricingModel
622,9cd15491-b6d3-4ca8-bc9f-68b83210aae1,312,pending,84,App\Models\FixedPricingModel
623,9cd15491-b6d3-4ca8-bc9f-68b83210aae1,313,pending,17,App\Models\FixedPricingModel
624,9cd15491-b6d3-4ca8-bc9f-68b83210aae1,313,pending,162,App\Models\FixedPricingModel
625,9cd15491-b6d3-4ca8-bc9f-68b83210aae1,314,pending,196,App\Models\FixedPricingModel
626,9cd15491-b6d3-4ca8-bc9f-68b83210aae1,314,pending,130,App\Models\FixedPricingModel
627,9cd15491-b6d3-4ca8-bc9f-68b83210aae1,315,pending,194,App\Models\FixedPricingModel
628,9cd15491-b6d3-4ca8-bc9f-68b83210aae1,315,pending,55,App\Models\FixedPricingModel
629,9cd15491-b6d3-4ca8-bc9f-68b83210aae1,316,pending,69,App\Models\FixedPricingModel
630,9cd15491-b6d3-4ca8-bc9f-68b83210aae1,316,pending,127,App\Models\FixedPricingModel
631,9cd15491-b6d3-4ca8-bc9f-68b83210aae1,317,pending,108,App\Models\FixedPricingModel
632,9cd15491-b6d3-4ca8-bc9f-68b83210aae1,317,pending,14,App\Models\FixedPricingModel
633,9cd15491-b6d3-4ca8-bc9f-68b83210aae1,318,pending,136,App\Models\FixedPricingModel
634,9cd15491-b6d3-4ca8-bc9f-68b83210aae1,318,pending,159,App\Models\FixedPricingModel
635,9cd15491-b6d3-4ca8-bc9f-68b83210aae1,319,pending,169,App\Models\FixedPricingModel
636,9cd15491-b6d3-4ca8-bc9f-68b83210aae1,319,pending,94,App\Models\FixedPricingModel
637,9cd15491-b6d3-4ca8-bc9f-68b83210aae1,320,pending,96,App\Models\FixedPricingModel
638,9cd15491-b6d3-4ca8-bc9f-68b83210aae1,320,pending,167,App\Models\FixedPricingModel
639,9cd15491-b6d3-4ca8-bc9f-68b83210aae1,321,pending,114,App\Models\FixedPricingModel
640,9cd15491-b6d3-4ca8-bc9f-68b83210aae1,321,pending,175,App\Models\FixedPricingModel
641,9cd15491-b6d3-4ca8-bc9f-68b83210aae1,322,pending,96,App\Models\FixedPricingModel
642,9cd15491-b6d3-4ca8-bc9f-68b83210aae1,322,pending,12,App\Models\FixedPricingModel
643,9cd15491-b6d3-4ca8-bc9f-68b83210aae1,323,pending,187,App\Models\FixedPricingModel
644,9cd15491-b6d3-4ca8-bc9f-68b83210aae1,323,pending,10,App\Models\FixedPricingModel
645,9cd15491-b6d3-4ca8-bc9f-68b83210aae1,324,pending,106,App\Models\FixedPricingModel
646,9cd15491-b6d3-4ca8-bc9f-68b83210aae1,324,pending,173,App\Models\FixedPricingModel
647,9cd15491-b6d3-4ca8-bc9f-68b83210aae1,325,pending,191,App\Models\FixedPricingModel
648,9cd15491-b6d3-4ca8-bc9f-68b83210aae1,325,pending,125,App\Models\FixedPricingModel
649,9cd15491-b6d3-4ca8-bc9f-68b83210aae1,326,pending,140,App\Models\FixedPricingModel
650,9cd15491-b6d3-4ca8-bc9f-68b83210aae1,326,pending,143,App\Models\FixedPricingModel
651,9cd15491-b6d3-4ca8-bc9f-68b83210aae1,327,pending,4,App\Models\FixedPricingModel
652,9cd15491-b6d3-4ca8-bc9f-68b83210aae1,327,pending,170,App\Models\FixedPricingModel
653,9cd15491-b6d3-4ca8-bc9f-68b83210aae1,328,pending,98,App\Models\FixedPricingModel
654,9cd15491-b6d3-4ca8-bc9f-68b83210aae1,328,pending,147,App\Models\FixedPricingModel
655,9cd15491-b6d3-4ca8-bc9f-68b83210aae1,329,pending,23,App\Models\FixedPricingModel
656,9cd15491-b6d3-4ca8-bc9f-68b83210aae1,329,pending,109,App\Models\FixedPricingModel
657,9cd15491-b6d3-4ca8-bc9f-68b83210aae1,330,pending,4,App\Models\FixedPricingModel
658,9cd15491-b6d3-4ca8-bc9f-68b83210aae1,330,pending,60,App\Models\FixedPricingModel
659,9cd15491-b6d3-4ca8-bc9f-68b83210aae1,331,pending,129,App\Models\FixedPricingModel
660,9cd15491-b6d3-4ca8-bc9f-68b83210aae1,331,pending,34,App\Models\FixedPricingModel
661,9cd15491-b6d3-4ca8-bc9f-68b83210aae1,332,pending,191,App\Models\FixedPricingModel
662,9cd15491-b6d3-4ca8-bc9f-68b83210aae1,332,pending,42,App\Models\FixedPricingModel
663,9cd15491-b6d3-4ca8-bc9f-68b83210aae1,333,pending,83,App\Models\FixedPricingModel
664,9cd15491-b6d3-4ca8-bc9f-68b83210aae1,333,pending,123,App\Models\FixedPricingModel
665,9cd15491-b6d3-4ca8-bc9f-68b83210aae1,334,pending,184,App\Models\FixedPricingModel
666,9cd15491-b6d3-4ca8-bc9f-68b83210aae1,334,pending,158,App\Models\FixedPricingModel
667,9cd15491-b6d3-4ca8-bc9f-68b83210aae1,335,pending,30,App\Models\FixedPricingModel
668,9cd15491-b6d3-4ca8-bc9f-68b83210aae1,335,pending,164,App\Models\FixedPricingModel
669,9cd15491-b6d3-4ca8-bc9f-68b83210aae1,336,pending,22,App\Models\FixedPricingModel
670,9cd15491-b6d3-4ca8-bc9f-68b83210aae1,336,pending,161,App\Models\FixedPricingModel
671,9cd15491-b6d3-4ca8-bc9f-68b83210aae1,337,pending,147,App\Models\FixedPricingModel
672,9cd15491-b6d3-4ca8-bc9f-68b83210aae1,337,pending,136,App\Models\FixedPricingModel
673,9cd15491-b6d3-4ca8-bc9f-68b83210aae1,338,pending,129,App\Models\FixedPricingModel
674,9cd15491-b6d3-4ca8-bc9f-68b83210aae1,338,pending,195,App\Models\FixedPricingModel
675,9cd15491-b6d3-4ca8-bc9f-68b83210aae1,339,pending,81,App\Models\FixedPricingModel
676,9cd15491-b6d3-4ca8-bc9f-68b83210aae1,339,pending,92,App\Models\FixedPricingModel
677,9cd15491-b6d3-4ca8-bc9f-68b83210aae1,340,pending,118,App\Models\FixedPricingModel
678,9cd15491-b6d3-4ca8-bc9f-68b83210aae1,340,pending,58,App\Models\FixedPricingModel
679,9cd15491-b6d3-4ca8-bc9f-68b83210aae1,341,pending,80,App\Models\FixedPricingModel
680,9cd15491-b6d3-4ca8-bc9f-68b83210aae1,341,pending,160,App\Models\FixedPricingModel
681,9cd15491-b6d3-4ca8-bc9f-68b83210aae1,342,pending,6,App\Models\FixedPricingModel
682,9cd15491-b6d3-4ca8-bc9f-68b83210aae1,342,pending,113,App\Models\FixedPricingModel
683,9cd15491-b6d3-4ca8-bc9f-68b83210aae1,343,pending,97,App\Models\FixedPricingModel
684,9cd15491-b6d3-4ca8-bc9f-68b83210aae1,343,pending,182,App\Models\FixedPricingModel
685,9cd15491-b6d3-4ca8-bc9f-68b83210aae1,344,pending,29,App\Models\FixedPricingModel
686,9cd15491-b6d3-4ca8-bc9f-68b83210aae1,344,pending,38,App\Models\FixedPricingModel
687,9cd15491-b6d3-4ca8-bc9f-68b83210aae1,345,pending,169,App\Models\FixedPricingModel
688,9cd15491-b6d3-4ca8-bc9f-68b83210aae1,345,pending,24,App\Models\FixedPricingModel
689,9cd15491-b6d3-4ca8-bc9f-68b83210aae1,346,pending,168,App\Models\FixedPricingModel
690,9cd15491-b6d3-4ca8-bc9f-68b83210aae1,346,pending,142,App\Models\FixedPricingModel
691,9cd15491-b6d3-4ca8-bc9f-68b83210aae1,347,pending,41,App\Models\FixedPricingModel
692,9cd15491-b6d3-4ca8-bc9f-68b83210aae1,347,pending,38,App\Models\FixedPricingModel
693,9cd15491-b6d3-4ca8-bc9f-68b83210aae1,348,pending,5,App\Models\FixedPricingModel
694,9cd15491-b6d3-4ca8-bc9f-68b83210aae1,348,pending,165,App\Models\FixedPricingModel
695,9cd15491-b6d3-4ca8-bc9f-68b83210aae1,349,pending,168,App\Models\FixedPricingModel
696,9cd15491-b6d3-4ca8-bc9f-68b83210aae1,349,pending,8,App\Models\FixedPricingModel
697,9cd15491-b6d3-4ca8-bc9f-68b83210aae1,350,pending,64,App\Models\FixedPricingModel
698,9cd15491-b6d3-4ca8-bc9f-68b83210aae1,350,pending,149,App\Models\FixedPricingModel
699,9cd15491-b6d3-4ca8-bc9f-68b83210aae1,351,pending,91,App\Models\FixedPricingModel
700,9cd15491-b6d3-4ca8-bc9f-68b83210aae1,351,pending,57,App\Models\FixedPricingModel
701,9cd15491-b6d3-4ca8-bc9f-68b83210aae1,352,pending,36,App\Models\FixedPricingModel
702,9cd15491-b6d3-4ca8-bc9f-68b83210aae1,352,pending,183,App\Models\FixedPricingModel
703,9cd15491-b6d3-4ca8-bc9f-68b83210aae1,353,pending,138,App\Models\FixedPricingModel
704,9cd15491-b6d3-4ca8-bc9f-68b83210aae1,353,pending,32,App\Models\FixedPricingModel
705,9cd15491-b6d3-4ca8-bc9f-68b83210aae1,354,pending,33,App\Models\FixedPricingModel
706,9cd15491-b6d3-4ca8-bc9f-68b83210aae1,354,pending,67,App\Models\FixedPricingModel
707,9cd15491-b6d3-4ca8-bc9f-68b83210aae1,355,pending,65,App\Models\FixedPricingModel
708,9cd15491-b6d3-4ca8-bc9f-68b83210aae1,355,pending,187,App\Models\FixedPricingModel
709,9cd15491-b6d3-4ca8-bc9f-68b83210aae1,356,pending,156,App\Models\FixedPricingModel
710,9cd15491-b6d3-4ca8-bc9f-68b83210aae1,356,pending,184,App\Models\FixedPricingModel
711,9cd15491-b6d3-4ca8-bc9f-68b83210aae1,357,pending,4,App\Models\FixedPricingModel
712,9cd15491-b6d3-4ca8-bc9f-68b83210aae1,357,pending,15,App\Models\FixedPricingModel
713,9cd15491-b6d3-4ca8-bc9f-68b83210aae1,358,pending,128,App\Models\FixedPricingModel
714,9cd15491-b6d3-4ca8-bc9f-68b83210aae1,358,pending,119,App\Models\FixedPricingModel
715,9cd15491-b6d3-4ca8-bc9f-68b83210aae1,359,pending,90,App\Models\FixedPricingModel
716,9cd15491-b6d3-4ca8-bc9f-68b83210aae1,359,pending,114,App\Models\FixedPricingModel
717,9cd15491-b6d3-4ca8-bc9f-68b83210aae1,360,pending,184,App\Models\FixedPricingModel
718,9cd15491-b6d3-4ca8-bc9f-68b83210aae1,360,pending,66,App\Models\FixedPricingModel
719,9cd15491-b6d3-4ca8-bc9f-68b83210aae1,361,pending,12,App\Models\FixedPricingModel
720,9cd15491-b6d3-4ca8-bc9f-68b83210aae1,361,pending,102,App\Models\FixedPricingModel
721,9cd15491-b6d3-4ca8-bc9f-68b83210aae1,362,pending,185,App\Models\FixedPricingModel
722,9cd15491-b6d3-4ca8-bc9f-68b83210aae1,362,pending,8,App\Models\FixedPricingModel
723,9cd15491-b6d3-4ca8-bc9f-68b83210aae1,363,pending,20,App\Models\FixedPricingModel
724,9cd15491-b6d3-4ca8-bc9f-68b83210aae1,363,pending,24,App\Models\FixedPricingModel
725,9cd15491-b6d3-4ca8-bc9f-68b83210aae1,364,pending,109,App\Models\FixedPricingModel
726,9cd15491-b6d3-4ca8-bc9f-68b83210aae1,364,pending,49,App\Models\FixedPricingModel
727,9cd15491-b6d3-4ca8-bc9f-68b83210aae1,365,pending,148,App\Models\FixedPricingModel
728,9cd15491-b6d3-4ca8-bc9f-68b83210aae1,365,pending,189,App\Models\FixedPricingModel
729,9cd15491-b6d3-4ca8-bc9f-68b83210aae1,366,pending,5,App\Models\FixedPricingModel
730,9cd15491-b6d3-4ca8-bc9f-68b83210aae1,366,pending,178,App\Models\FixedPricingModel
731,9cd15491-b6d3-4ca8-bc9f-68b83210aae1,367,pending,25,App\Models\FixedPricingModel
732,9cd15491-b6d3-4ca8-bc9f-68b83210aae1,367,pending,11,App\Models\FixedPricingModel
733,9cd15491-b6d3-4ca8-bc9f-68b83210aae1,368,pending,94,App\Models\FixedPricingModel
734,9cd15491-b6d3-4ca8-bc9f-68b83210aae1,368,pending,191,App\Models\FixedPricingModel
735,9cd15491-b6d3-4ca8-bc9f-68b83210aae1,369,pending,43,App\Models\FixedPricingModel
736,9cd15491-b6d3-4ca8-bc9f-68b83210aae1,369,pending,174,App\Models\FixedPricingModel
737,9cd15491-b6d3-4ca8-bc9f-68b83210aae1,370,pending,82,App\Models\FixedPricingModel
738,9cd15491-b6d3-4ca8-bc9f-68b83210aae1,370,pending,71,App\Models\FixedPricingModel
739,9cd15491-b6d3-4ca8-bc9f-68b83210aae1,371,pending,46,App\Models\FixedPricingModel
740,9cd15491-b6d3-4ca8-bc9f-68b83210aae1,371,pending,195,App\Models\FixedPricingModel
741,9cd15491-b6d3-4ca8-bc9f-68b83210aae1,372,pending,151,App\Models\FixedPricingModel
742,9cd15491-b6d3-4ca8-bc9f-68b83210aae1,372,pending,57,App\Models\FixedPricingModel
743,9cd15491-b6d3-4ca8-bc9f-68b83210aae1,373,pending,115,App\Models\FixedPricingModel
744,9cd15491-b6d3-4ca8-bc9f-68b83210aae1,373,pending,20,App\Models\FixedPricingModel
745,9cd15491-b6d3-4ca8-bc9f-68b83210aae1,374,pending,105,App\Models\FixedPricingModel
746,9cd15491-b6d3-4ca8-bc9f-68b83210aae1,374,pending,111,App\Models\FixedPricingModel
747,9cd15491-b6d3-4ca8-bc9f-68b83210aae1,375,pending,137,App\Models\FixedPricingModel
748,9cd15491-b6d3-4ca8-bc9f-68b83210aae1,375,pending,130,App\Models\FixedPricingModel
749,9cd15491-b6d3-4ca8-bc9f-68b83210aae1,376,pending,38,App\Models\FixedPricingModel
750,9cd15491-b6d3-4ca8-bc9f-68b83210aae1,376,pending,99,App\Models\FixedPricingModel
751,9cd15491-b6d3-4ca8-bc9f-68b83210aae1,377,pending,83,App\Models\FixedPricingModel
752,9cd15491-b6d3-4ca8-bc9f-68b83210aae1,377,pending,130,App\Models\FixedPricingModel
753,9cd15491-b6d3-4ca8-bc9f-68b83210aae1,378,pending,136,App\Models\FixedPricingModel
754,9cd15491-b6d3-4ca8-bc9f-68b83210aae1,378,pending,22,App\Models\FixedPricingModel
755,9cd15491-b6d3-4ca8-bc9f-68b83210aae1,379,pending,118,App\Models\FixedPricingModel
756,9cd15491-b6d3-4ca8-bc9f-68b83210aae1,379,pending,88,App\Models\FixedPricingModel
757,9cd15491-b6d3-4ca8-bc9f-68b83210aae1,380,pending,11,App\Models\FixedPricingModel
758,9cd15491-b6d3-4ca8-bc9f-68b83210aae1,380,pending,115,App\Models\FixedPricingModel
759,9cd15491-b6d3-4ca8-bc9f-68b83210aae1,381,pending,68,App\Models\FixedPricingModel
760,9cd15491-b6d3-4ca8-bc9f-68b83210aae1,381,pending,116,App\Models\FixedPricingModel
761,9cd15491-b6d3-4ca8-bc9f-68b83210aae1,382,pending,118,App\Models\FixedPricingModel
762,9cd15491-b6d3-4ca8-bc9f-68b83210aae1,382,pending,123,App\Models\FixedPricingModel
763,9cd15491-b6d3-4ca8-bc9f-68b83210aae1,383,pending,103,App\Models\FixedPricingModel
764,9cd15491-b6d3-4ca8-bc9f-68b83210aae1,383,pending,43,App\Models\FixedPricingModel
765,9cd15491-b6d3-4ca8-bc9f-68b83210aae1,384,pending,172,App\Models\FixedPricingModel
766,9cd15491-b6d3-4ca8-bc9f-68b83210aae1,384,pending,89,App\Models\FixedPricingModel
767,9cd15491-b6d3-4ca8-bc9f-68b83210aae1,385,pending,107,App\Models\FixedPricingModel
768,9cd15491-b6d3-4ca8-bc9f-68b83210aae1,385,pending,154,App\Models\FixedPricingModel
769,9cd15491-b6d3-4ca8-bc9f-68b83210aae1,386,pending,175,App\Models\FixedPricingModel
770,9cd15491-b6d3-4ca8-bc9f-68b83210aae1,386,pending,11,App\Models\FixedPricingModel
771,9cd15491-b6d3-4ca8-bc9f-68b83210aae1,387,pending,130,App\Models\FixedPricingModel
772,9cd15491-b6d3-4ca8-bc9f-68b83210aae1,387,pending,21,App\Models\FixedPricingModel
773,9cd15491-b6d3-4ca8-bc9f-68b83210aae1,388,pending,62,App\Models\FixedPricingModel
774,9cd15491-b6d3-4ca8-bc9f-68b83210aae1,388,pending,84,App\Models\FixedPricingModel
775,9cd15491-b6d3-4ca8-bc9f-68b83210aae1,389,pending,95,App\Models\FixedPricingModel
776,9cd15491-b6d3-4ca8-bc9f-68b83210aae1,389,pending,37,App\Models\FixedPricingModel
777,9cd15491-b6d3-4ca8-bc9f-68b83210aae1,390,pending,201,App\Models\FixedPricingModel
778,9cd15491-b6d3-4ca8-bc9f-68b83210aae1,390,pending,202,App\Models\FixedPricingModel
779,9cd15491-b6d3-4ca8-bc9f-68b83210aae1,391,pending,62,App\Models\FixedPricingModel
780,9cd15491-b6d3-4ca8-bc9f-68b83210aae1,391,pending,178,App\Models\FixedPricingModel
781,9cd15491-b6d3-4ca8-bc9f-68b83210aae1,392,pending,132,App\Models\FixedPricingModel
782,9cd15491-b6d3-4ca8-bc9f-68b83210aae1,392,pending,162,App\Models\FixedPricingModel
783,9cd15491-b6d3-4ca8-bc9f-68b83210aae1,393,pending,21,App\Models\FixedPricingModel
784,9cd15491-b6d3-4ca8-bc9f-68b83210aae1,393,pending,165,App\Models\FixedPricingModel
785,9cd15491-b6d3-4ca8-bc9f-68b83210aae1,394,pending,169,App\Models\FixedPricingModel
786,9cd15491-b6d3-4ca8-bc9f-68b83210aae1,394,pending,118,App\Models\FixedPricingModel
787,9cd15491-b6d3-4ca8-bc9f-68b83210aae1,395,pending,81,App\Models\FixedPricingModel
788,9cd15491-b6d3-4ca8-bc9f-68b83210aae1,395,pending,147,App\Models\FixedPricingModel
789,9cd15491-b6d3-4ca8-bc9f-68b83210aae1,396,pending,34,App\Models\FixedPricingModel
790,9cd15491-b6d3-4ca8-bc9f-68b83210aae1,396,pending,78,App\Models\FixedPricingModel
791,9cd15491-b6d3-4ca8-bc9f-68b83210aae1,397,pending,110,App\Models\FixedPricingModel
792,9cd15491-b6d3-4ca8-bc9f-68b83210aae1,397,pending,171,App\Models\FixedPricingModel
793,9cd15491-b6d3-4ca8-bc9f-68b83210aae1,398,pending,196,App\Models\FixedPricingModel
794,9cd15491-b6d3-4ca8-bc9f-68b83210aae1,398,pending,76,App\Models\FixedPricingModel
795,9cd15491-b6d3-4ca8-bc9f-68b83210aae1,399,pending,6,App\Models\FixedPricingModel
796,9cd15491-b6d3-4ca8-bc9f-68b83210aae1,399,pending,99,App\Models\FixedPricingModel
797,9cd15491-b6d3-4ca8-bc9f-68b83210aae1,400,pending,73,App\Models\FixedPricingModel
798,9cd15491-b6d3-4ca8-bc9f-68b83210aae1,400,pending,159,App\Models\FixedPricingModel
799,9cd15491-b6d3-4ca8-bc9f-68b83210aae1,401,pending,59,App\Models\FixedPricingModel
800,9cd15491-b6d3-4ca8-bc9f-68b83210aae1,401,pending,130,App\Models\FixedPricingModel
801,9cd15491-b6d3-4ca8-bc9f-68b83210aae1,402,pending,156,App\Models\FixedPricingModel
802,9cd15491-b6d3-4ca8-bc9f-68b83210aae1,402,pending,61,App\Models\FixedPricingModel
